Identificacion,Nombres,Apellidos,Direccion,Telefono,Celular,PatioId,Edad
1601010101,PedroE1,SanchezE1,Direccion1,253111,999111111,1,44
1601010102,PedroE2,SanchezE2,Direccion2,253112,999111112,2,55
1601010103,PedroE3,SanchezE3,Direccion3,253113,999111113,3,66
1601010104,PedroE4,SanchezE4,Direccion4,253114,999111114,1,22
1601010105,PedroE5,SanchezE5,Direccion5,253115,999111115,2,33
1601010106,PedroE6,SanchezE6,Direccion6,253116,999111116,3,44
1601010107,PedroE7,SanchezE7,Direccion7,253117,999111117,1,55
1601010108,PedroE8,SanchezE8,Direccion8,253118,999111118,2,22
1601010109,PedroE9,SanchezE9,Direccion9,253119,999111119,3,77
2601010100,PedroE0,SanchezE0,Direccion0,253110,999111110,1,22
2601010101,PedroE1,SanchezE1,Direccion1,253111,999111111,2,55
2601010102,PedroE2,SanchezE2,Direccion2,253112,999111112,3,44
2601010103,PedroE3,SanchezE3,Direccion3,253113,999111113,1,33
2601010104,PedroE4,SanchezE4,Direccion4,253114,999111114,2,66
2601010105,PedroE5,SanchezE5,Direccion5,253115,999111115,3,22
2601010106,PedroE6,SanchezE6,Direccion6,253116,999111116,1,33
2601010107,PedroE7,SanchezE7,Direccion7,253117,999111117,2,34
2601010108,PedroE8,SanchezE8,Direccion8,253118,999111118,3,35
2601010109,PedroE9,SanchezE9,Direccion9,253119,999111119,1,36
2601010111,PedroE0,SanchezE0,Direccion0,253110,999111110,2,37